Gimana step-nya bayar pesenan tapi pake Seabank?;[Pembayaran Pesanan] Bagaimana cara membayar pesanan dengan SeaBank Bayar Instan?;319
gimana cara balikin dana Tiket Bioskop?;[Tiket Bioskop] Bagaimana cara mengajukan pengembalian dana Tiket Bioskop?;490
Cara transfer ke temen yang sesama Pengguna ShopeePay gimana sih?;[Transfer ShopeePay] Bagaimana transfer saldo ke sesama Pengguna ShopeePay?;1053
gimana sih cara ngambil uang dari Saldo mitra bank?;[Mitra Shopee] Bagaimana cara menambahkan/mendaftarkan rekening bank untuk penarikan dana dari Saldo Mitra?;659
Top up ShopeePay bisa lewat mana aja, min?;[Top Up ShopeePay] Bagaimana cara mengisi saldo ShopeePay?;1040
 cara pake Voucher ShopeeFood gimana sih;[Pembeli ShopeeFood] Bagaimana cara mengklaim dan menggunakan Voucher ShopeeFood?;853
kalo barang pesanan udah sampe dan udah di pesenan selesai, bisa ngajuin pengembalian dana ga?;[Pengembalian Barang/Dana] Apakah saya dapat mengajukan pengembalian barang/dana setelah memilih Pesanan Selesai?;503
Pake sPayLater limit xtra aman gak sih?;[SPayLater Limit Xtra- Lainnya] Apakah SPayLater Limit Xtra aman?;417
Gimana cara ngaktifin SPayLater buat belanja?;[SPayLater - Limit & Aktivasi] Bagaimana cara mengaktifkan SPayLater?;391
kok aku gabisa bayar pake  COD sih;[Bayar di Tempat] Mengapa saya tidak bisa membayar menggunakan metode pembayaran COD (Bayar di Tempat)?;297
alamat yang salah bisa di-edit gak?;[Akun Saya] Bagaimana cara menambah/mengedit/menghapus alamat saya?;545
kenapa sih kok Voucher Gratis Ongkir ku gbisa dipake di shopee live;[Gratis Ongkir] Mengapa Voucher Gratis Ongkir saya tidak bisa digunakan pada Shopee Live/Video?;31
cara  ngirim gambar di fitur chat gimana ya?;[Chat] Bagaimana cara mengirim gambar/video melalui fitur Chat?;29
kalau pesenan COD gagal gimana sih min?;[Bayar di Tempat] Bagaimana jika pengiriman pesanan COD (Bayar di Tempat) gagal dilakukan?;471
gimana caranya biar ga kena  modus penipuan transfer pake shopeepay?;[Mitra Pengemudi Shopee] Bagaimana cara menghindari modus penipuan transfer e-money (ShopeePay, OVO, GoPay) atau transfer uang?;920
 klaim Proteksi hp gimana?;[Proteksi Gadget] Bagaimana cara melakukan klaim Proteksi Gadget?;227
crara supaya ga kena modus penipuan lewat chat mencurigakan;[Mitra Pengemudi Shopee] Bagaimana cara menghindari modus penipuan melalui pesan chat di aplikasi Mitra Pengemudi?;934
maksimal berat Kirim Hemat Kargo Ekonomis berapa ya;[Pengiriman Pesanan] Berapa batasan berat dan dimensi pengiriman produk di Shopee?;458
Syarat SPinjam buat Penjual tuh apa sih;Syarat dan Ketentuan Layanan SPinjam Untuk Penjual;846
setelah penilaian produk kita tuh tetep bisa ngubah  lasan produknya ga si?;[Penilaian Produk] Apakah saya dapat mengubah penilaian/ulasan produk?;485
apa aja dokumen yang harus saya kirimkan buat bukti pengajuan pengembalian barang ku?;[Pengembalian Barang/Dana] Apa saja dokumen pendukung yang dapat saya kirimkan untuk bukti pengajuan pengembalian barang/dana saya?;504
kalau belum nerima pengembalian dana padahal udah 9 hari gimana ya?;[Pengembalian Dana] Bagaimana jika saya belum menerima pengembalian dana dari transaksi ShopeePay yang gagal?;523
cara tau kalau pengembalian dana udah masuk ke akun ShopeePayku gimana ya?;[ShopeePay] Bagaimana cara memastikan pengembalian dana saya berhasil diproses ke akun ShopeePay?;527
Berapa lama ya proses pengecekan barang buat pengembalian?;[Pengembalian Barang/Dana Shopee Mall] Berapa lama waktu yang dibutuhkan untuk proses pengecekan produk pengembalian barang?;526
beli produk di Shopee kena pajak ga?;[Pajak] Apakah saya dikenakan Pajak jika membeli produk di Shopee?;337
Beli barang grosir di Shopee itu apa bedanya sama beli biasa?;[Grosir] Apa itu Produk Grosir?;1
Iklan Shopee Live itu apaan sih, buat promosi pas lagi Live, ya?;[Shopee Live] Apa Itu Fitur Iklan Shopee Live?;14
Kalau mau nge-chat atau nanya-nanya ke penjual di Shopee, caranya gimana?;[Chat] Bagaimana cara menghubungi Penjual?;28
Lelang di Shopee Live itu maksudnya gimana, sih?;[Shopee Live] Apa itu Lelang di Shopee Live?;0
Emang kenapa kalau Live di Shopee pakai video rekaman;[Shopee Live] Apa itu streaming menggunakan rekaman?;9
Penjual Star/Star+ di Shopee itu siapa, penting nggak buat pembeli?;[Baru di Shopee] Siapa Penjual Star atau Star+ Shopee?;3
Misi Shopee Meter itu tugasnya apa, biar skor kita naik?;[Shopee Meter] Apa itu Misi Shopee Meter?;16
Gimana cara dapetin koin gratis dari Program Serbu Bonus di Live/Video Shopee?;[Shopee Live & Video] Bagaimana cara mendapatkan koin gratis melalui Program Shopee Serbu Bonus?;12
Shopee Barokah itu apa, jualan barang halal aja, ya?;[Shopee Barokah] Apa itu Shopee Barokah?;2
Aturan khusus buat Live dan Shopee Video pas bulan puasa kemarin apa aja?;[Baru di Shopee] Apa saja panduan khusus Pengguna Shopee Video dan Shopee Live di bulan Ramadan?;13
Bikin nama toko di Shopee, ada syarat khususnya gak?;[Merchant ShopeePay] Bagaimana Jika Nama Toko yang Saya Daftarkan pada Merchant ShopeePay Terdapat Penambahan Jenis Usaha?;1145
Cara hapus atau ubah produk di keranjang belanja kita gimana, ya?;[Baru di Shopee] Bagaimana cara menghapus produk dari keranjang belanja saya?;598
Kalau mau cari produk pakai Kode Produk di Shopee, caranya gimana?;[Baru di Shopee] Cara mencari produk di Shopee dengan Kode Produk;7
Kenapa ya akun Shopee Video-ku dibatasi, jadi nggak bisa upload?;[Shopee Video] Apa itu pembatasan akun di Shopee Video?;20
Misi-misi di Shopee Meter itu buat apa, sih?;[Shopee Meter] Apa itu Misi Shopee Meter?;16
Live yang dianggap konten jelek di Shopee Live itu yang kayak gimana?;[Shopee Live] Apa saja kategori streaming yang dianggap berkualitas rendah di Shopee Live?;4
Cara top up saldo buat ShopeePay Merchant itu gimana?;[Top Up ShopeePay] Bagaimana cara mengisi saldo ShopeePay melalui Merchant Circle K?;1040
Voucher buat nyobain sample produk gratis di Shopee Video masih ada nggak?;[Shopee Affiliate Program] Apa itu Fitur Sampel Gratis dan bagaimana cara membuat permintaan Sampel Gratis?;259
Cara bikin Iklan Live di Shopee lewat aplikasi HP gimana, sih?;[Shopee Live] Bagaimana Cara Membuat Iklan Shopee Live?;15
Biar Iklan Live Shopee kita efektif, cara kerjanya kayak gimana?;[Shopee Live] Bagaimana Cara Kerja Iklan Shopee Live?;18
Boleh nggak sih ngadain event Gacha-gacha berhadiah di Shopee Live?;[Shopee Live] FAQ & Panduan Pengadaan Event Gacha di Shopee Live;17
Kesehatan Video di Shopee Video itu maksudnya apa, kalau jelek kenapa?;[Shopee Video] Apa itu kesehatan video pada Shopee Video?;19
Kalau ada yang nyolong Hak Cipta (HAKI) pas Live di Shopee, lapornya ke mana?;[Shopee Live] Bagaimana cara melaporkan HAKI di Shopee Live?;11
apa bedanya pesanan yang 'Langsung' sama yang 'Nggak Langsung'?;[Mitra Pengemudi Shopee] Apa perbedaan fitur Non-Pesanan Langsung & Pesanan Langsung?;992
Cara lihat dan download faktur biaya iklan ShopeeFood di mana?;Bagaimana cara mendapatkan Faktur Biaya Layanan dan Iklan untuk Merchant ShopeeFood?;893
